ES2	Mallorca	126	mallorca
ES2	Girona	125	girona
ES2	Real Oviedo	119	real-oviedo
ES2	Sporting Gijón	116	sporting-gijon
ES2	Real Valladolid	117	real-valladolid
ES2	Las Palmas	113	las-palmas
ES2	Leganés	113	leganes
ES2	Granada	112	granada
ES2	Cádiz	112	cadiz
ES2	Almería	114	almeria
ES2	Eibar	110	eibar
ES2	Albacete	109	albacete
ES2	Burgos	107	burgos
ES2	Castellón	109	castellon
ES2	Córdoba	109	cordoba
ES2	Tenerife	107	tenerife
ES2	Andorra	105	andorra
ES2	Ceuta	105	ceuta
ES2	Eldense	105	eldense
ES2	Sabadell	106	sabadell
DE2	Hertha BSC	123	hertha-bsc
DE2	VfL Wolfsburg	127	vfl-wolfsburg
DE2	FC St. Pauli	121	fc-st-pauli
DE2	1. FC Heidenheim	121	1-fc-heidenheim
DE2	Hannover 96	117	hannover-96
DE2	1. FC Kaiserslautern	118	1-fc-kaiserslautern
DE2	1. FC Nürnberg	115	1-fc-nurnberg
DE2	Karlsruher SC	113	karlsruher-sc
DE2	Holstein Kiel	114	holstein-kiel
DE2	VfL Bochum	116	vfl-bochum
DE2	Darmstadt 98	114	darmstadt-98
DE2	1. FC Magdeburg	114	1-fc-magdeburg
DE2	Arminia Bielefeld	113	arminia-bielefeld
DE2	Greuther Fürth	112	greuther-furth
DE2	Eintracht Braunschweig	111	eintracht-braunschweig
DE2	Dynamo Dresden	110	dynamo-dresden
DE2	Energie Cottbus	111	energie-cottbus
DE2	VfL Osnabrück	107	vfl-osnabruck
IT2	Hellas Verona	122	hellas-verona
IT2	Pisa	121	pisa
IT2	Cremonese	120	cremonese
IT2	Sampdoria	116	sampdoria
IT2	Palermo	119	palermo
IT2	Empoli	117	empoli
IT2	Modena	116	modena
IT2	Cesena	114	cesena
IT2	Catanzaro	112	catanzaro
IT2	Südtirol	110	sudtirol
IT2	Padova	113	padova
IT2	Mantova	113	mantova
IT2	Carrarese	111	carrarese
IT2	Juve Stabia	109	juve-stabia
IT2	Avellino	115	avellino
IT2	Virtus Entella	113	virtus-entella
IT2	Vicenza	114	vicenza
IT2	Arezzo	109	arezzo
IT2	Benevento	112	benevento
IT2	Ascoli	108	ascoli
FR2	Nantes	122	nantes
FR2	Metz	113	metz
FR2	Saint-Étienne	115	saint-etienne
FR2	Montpellier	110	montpellier
FR2	Reims	111	reims
FR2	Guingamp	112	guingamp
FR2	Annecy	106	annecy
FR2	Clermont	111	clermont
FR2	Dijon	106	dijon
FR2	Sochaux	103	sochaux
FR2	Grenoble	106	grenoble
FR2	Laval	102	laval
FR2	Red Star	108	red-star
FR2	Nancy	103	nancy
FR2	Pau	107	pau
FR2	Rodez	105	rodez
FR2	Boulogne	98	boulogne
FR2	Dunkerque	104	dunkerque
PT2	Tondela	103	tondela
PT2	AFS	101	afs
PT2	Académica	99	academica
PT2	Chaves	105	chaves
PT2	Farense	100	farense
PT2	Feirense	99	feirense
PT2	Leixões	101	leixoes
PT2	Portimonense	104	portimonense
PT2	União de Leiria	102	uniao-de-leiria
PT2	Vizela	100	vizela
PT2	Penafiel	98	penafiel
PT2	Felgueiras	98	felgueiras
PT2	Amarante	96	amarante
PT2	Lusitânia Lourosa	96	lusitania-lourosa
PT2	Torreense	109	torreense
PT2	Paços de Ferreira	98	pacos-de-ferreira
PT2	Belenenses	94	belenenses
PT2	Oliveirense	93	oliveirense
