EN2	Birmingham City	126
EN2	Blackburn Rovers	123
EN2	Bolton Wanderers	117
EN2	Bristol City	122
EN2	Burnley	130
EN2	Cardiff City	118
EN2	Charlton Athletic	117
EN2	Derby County	120
EN2	Lincoln City	119
EN2	Middlesbrough	124
EN2	Millwall	123
EN2	Norwich City	120
EN2	Portsmouth	119
EN2	Preston North End	119
EN2	Queens Park Rangers	120
EN2	Sheffield United	126
EN2	Southampton	127
EN2	Stoke City	124
EN2	Swansea City	123
EN2	Watford	119
EN2	West Bromwich Albion	123
EN2	West Ham United	137
EN2	Wolverhampton Wanderers	134
EN2	Wrexham	122
EN3	Leicester City	114
EN3	Sheffield Wednesday	103
EN3	Oxford United	102
EN3	Luton Town	110
EN3	Huddersfield Town	107
EN3	Wigan Athletic	100
EN3	Reading	102
EN3	Barnsley	106
EN3	Blackpool	103
EN3	Bradford City	103
EN3	Plymouth Argyle	103
EN3	Peterborough United	103
EN3	Stockport County	103
EN3	Wycombe Wanderers	101
EN3	Doncaster Rovers	105
EN3	Notts County	104
EN3	Milton Keynes Dons	99
EN3	Mansfield Town	101
EN3	Leyton Orient	98
EN3	AFC Wimbledon	99
EN3	Cambridge United	101
EN3	Stevenage	99
EN3	Burton Albion	99
EN3	Bromley	96
EN4	Bristol Rovers	93
EN4	Port Vale	90
EN4	Rotherham United	94
EN4	Swindon Town	91
EN4	Tranmere Rovers	92
EN4	Grimsby Town	87
EN4	Gillingham	89
EN4	Oldham Athletic	88
EN4	Chesterfield	89
EN4	Walsall	91
EN4	Salford City	86
EN4	York City	86
EN4	Accrington Stanley	87
EN4	Barnet	88
EN4	Cheltenham Town	86
EN4	Colchester United	90
EN4	Crawley Town	86
EN4	Crewe Alexandra	90
EN4	Exeter City	88
EN4	Fleetwood Town	89
EN4	Newport County	88
EN4	Northampton Town	87
EN4	Rochdale	86
EN4	Shrewsbury Town	88